{"cameraMode":{"drawMode":0,"name":"Shaded","section":"Shading Mode"},"sceneLighting":true,"audioPlay":false,"sceneViewState":{"m_AlwaysRefresh":false,"showFog":true,"showSkybox":true,"showFlares":true,"showImageEffects":true,"showParticleSystems":true,"showVisualEffectGraphs":true,"m_FxEnabled":true},"in2DMode":false,"pivot":{"x":-0.21535158157348634,"y":-1.739954948425293,"z":32.496883392333987},"rotation":{"x":-0.1259419173002243,"y":0.02291155979037285,"z":-0.0029116831719875337,"w":-0.9917830228805542},"size":29.911771774291993,"orthographic":false}