{"cameraMode":{"drawMode":0,"name":"Shaded","section":"Shading Mode"},"sceneLighting":true,"audioPlay":false,"sceneViewState":{"m_AlwaysRefresh":false,"showFog":true,"showSkybox":true,"showFlares":true,"showImageEffects":true,"showParticleSystems":true,"showVisualEffectGraphs":true,"m_FxEnabled":true},"in2DMode":false,"pivot":{"x":488.8612060546875,"y":1637.0926513671875,"z":48.392822265625},"rotation":{"x":0.046124111860990527,"y":0.047030817717313769,"z":0.0021711853332817556,"w":-0.997841477394104},"size":552.5573120117188,"orthographic":false}