{"cameraMode":{"drawMode":0,"name":"Shaded","section":"Shading Mode"},"sceneLighting":true,"audioPlay":false,"sceneViewState":{"m_AlwaysRefresh":false,"showFog":true,"showSkybox":true,"showFlares":true,"showImageEffects":true,"showParticleSystems":true,"showVisualEffectGraphs":true,"m_FxEnabled":true},"in2DMode":false,"pivot":{"x":4.072371006011963,"y":3.7276244163513185,"z":35.28229522705078},"rotation":{"x":0.008689353242516518,"y":0.015596574172377587,"z":0.00013315826072357595,"w":-0.9998529553413391},"size":23.331005096435548,"orthographic":false}